Name,Color,Product_Category,Rating,Standard_Price_$,Sale_Price_$,Sale_%,Image
Disney Princess Print Leggings,Belle,girls-clothing-pants-leggings-shorts,5.0,68.0,33.99,49.99,https://www.hannaandersson.com/dw/image/v2/BBLM_PRD/on/demandware.static/-/Sites-master-catalog/default/dw60755a2d/images/main/62355/62355_GD6_110_01.jpg?sw=369&q=90
Baby Zip Sleeper In Organic Cotton,Spooky Spiders,pajamas-baby,4.5,46.0,31.99,69.54,https://www.hannaandersson.com/dw/image/v2/BBLM_PRD/on/demandware.static/-/Sites-master-catalog/default/dw668a21d5/images/main/51836/51836_QD8_60_01.jpg?sw=369&q=90
Sunblock Swim Trunks,Navy,boys-clothing-swimsuits,5.0,50.0,29.99,59.98,https://www.hannaandersson.com/dw/image/v2/BBLM_PRD/on/demandware.static/-/Sites-master-catalog/default/dw7aebd0f4/images/main/60471/60471_A91_110_01.jpg?sw=369&q=90
Play Sock 3-Pack,Dino 3pk,sale-event-hs,4.5,50.0,29.99,59.98,https://www.hannaandersson.com/dw/image/v2/BBLM_PRD/on/demandware.static/-/Sites-master-catalog/default/dwafc3a10f/images/main/64310/64310_TF4_90_01.jpg?sw=369&q=90
Baby Wiggle Pants in Organic Cotton,Navy,baby-girl-pants-leggings-shorts,5.0,50.0,29.99,59.98,https://www.hannaandersson.com/dw/image/v2/BBLM_PRD/on/demandware.static/-/Sites-master-catalog/default/dwff50f77c/images/main/52735/52735_A91_60_01.jpg?sw=369&q=90
Stripe Pocket Tee,Hanna Red Multi,boys-clothing-tops-shirts,5.0,58.0,28.99,49.98,https://www.hannaandersson.com/dw/image/v2/BBLM_PRD/on/demandware.static/-/Sites-master-catalog/default/dw6f47c723/images/main/62210/62210_FQ8_110_01.jpg?sw=369&q=90
Marvel Iron Man Long John Pajamas,Iron Man,pajamas-kids,Not Rated,58.0,28.99,49.98,https://www.hannaandersson.com/dw/image/v2/BBLM_PRD/on/demandware.static/-/Sites-master-catalog/default/dw158792d5/images/main/62322/62322_PG4_110_01.jpg?sw=369&q=90
Sunblock Art Rash Guard,Navy,boys-clothing-swimsuits,Not Rated,46.0,27.99,60.85,https://www.hannaandersson.com/dw/image/v2/BBLM_PRD/on/demandware.static/-/Sites-master-catalog/default/dwdea1b0bb/images/main/62194/62194_A91_110_01.jpg?sw=369&q=90
Baby Bodysuit In Organic Cotton,Bunny Bunch,baby-girl-tops-shirts,5.0,68.0,26.99,39.69,https://www.hannaandersson.com/dw/image/v2/BBLM_PRD/on/demandware.static/-/Sites-master-catalog/default/dw0177163c/images/main/57433/57433_QG5_60_01.jpg?sw=369&q=90
Print Slim Leggings,Positively Purple,girls-clothing-pants-leggings-shorts,4.5,68.0,26.99,39.69,https://www.hannaandersson.com/dw/image/v2/BBLM_PRD/on/demandware.static/-/Sites-master-catalog/default/dwcae8de25/images/main/65291/65291_ST7_110_01.jpg?sw=369&q=90
Bobble Cardigan,Petal Pink,girls-clothes-girls-sweaters-sweatshirts,5.0,44.0,25.99,59.07,https://www.hannaandersson.com/dw/image/v2/BBLM_PRD/on/demandware.static/-/Sites-master-catalog/default/dw1ef3d669/images/main/64380/64380_B42_110_01.jpg?sw=369&q=90
Play Tee & Pant Set,Foggy Blue,baby-girl-pants-leggings-shorts,5.0,50.0,24.99,49.98,https://www.hannaandersson.com/dw/image/v2/BBLM_PRD/on/demandware.static/-/Sites-master-catalog/default/dw815c5267/images/main/62574/62574_75M_90_01.jpg?sw=369&q=90
Bright Basics Tee In Organic Cotton,Trek Teal,baby-girl-tops-shirts,4.5,50.0,24.99,49.98,https://www.hannaandersson.com/dw/image/v2/BBLM_PRD/on/demandware.static/-/Sites-master-catalog/default/dw2069d07c/images/main/52632/52632_PW1_60_01.jpg?sw=369&q=90
Twirl Power Dress,Navy Blue,girls-clothing-dresses,4.5,50.0,24.99,49.98,https://www.hannaandersson.com/dw/image/v2/BBLM_PRD/on/demandware.static/-/Sites-master-catalog/default/dw4a7c5621/images/main/62654/62654_SR4_110_01.jpg?sw=369&q=90
Marvel Spider-Man Long John Pajamas,Spider-Man,pajamas-baby,4.0,50.0,24.99,49.98,https://www.hannaandersson.com/dw/image/v2/BBLM_PRD/on/demandware.static/-/Sites-master-catalog/default/dw80e197a1/images/main/62326/62326_PG5_110_01.jpg?sw=369&q=90
Long John Pajamas In Organic Cotton,Firefighter,pajamas-kids,5.0,50.0,24.99,49.98,https://www.hannaandersson.com/dw/image/v2/BBLM_PRD/on/demandware.static/-/Sites-master-catalog/default/dw9727f272/images/main/51573/51573_QV9_110_01.jpg?sw=369&q=90
Disney and Pixar Sleeper In Organic Cotton,Pixar,pajamas-baby,4.5,50.0,24.99,49.98,https://www.hannaandersson.com/dw/image/v2/BBLM_PRD/on/demandware.static/-/Sites-master-catalog/default/dw35139633/images/main/62334/62334_SS7_60_01.jpg?sw=369&q=90
Baby Zip Sleeper In Organic Cotton,Magic Cats,pajamas-baby,4.5,50.0,24.99,49.98,https://www.hannaandersson.com/dw/image/v2/BBLM_PRD/on/demandware.static/-/Sites-master-catalog/default/dw23358273/images/main/51836/51836_TA8_60_01.jpg?sw=369&q=90
Twill Carpenter Shorts,Khaki Sand,boys-clothing-shorts,5.0,50.0,24.99,49.98,https://www.hannaandersson.com/dw/image/v2/BBLM_PRD/on/demandware.static/-/Sites-master-catalog/default/dwc3b63acd/images/main/61385/61385_PM7_110_01.jpg?sw=369&q=90
Stripe Pocket Tee,Hanna Red Multi,boys-clothing-tops-shirts,5.0,50.0,24.99,49.98,https://www.hannaandersson.com/dw/image/v2/BBLM_PRD/on/demandware.static/-/Sites-master-catalog/default/dw6f47c723/images/main/62210/62210_FQ8_110_01.jpg?sw=369&q=90
Who Will You Be Cap,Lion,accessories-baby-hats,5.0,50.0,24.99,49.98,https://www.hannaandersson.com/dw/image/v2/BBLM_PRD/on/demandware.static/-/Sites-master-catalog/default/dw5d355709/images/main/48200/48200_NH4_60_01.jpg?sw=369&q=90
Disney Frozen 2 Long John Pajamas,Frozen 2,pajamas-kids,5.0,42.0,24.99,59.5,https://www.hannaandersson.com/dw/image/v2/BBLM_PRD/on/demandware.static/-/Sites-master-catalog/default/dw7d15ef18/images/main/62669/62669_TE0_110_01.jpg?sw=369&q=90
Marvel Black Panther Halloween Long John Pajamas,Black Panther,pajamas-kids,4.5,42.0,24.99,59.5,https://www.hannaandersson.com/dw/image/v2/BBLM_PRD/on/demandware.static/-/Sites-master-catalog/default/dw442d2e66/images/main/62672/62672_PG2_110_01.jpg?sw=369&q=90
Long John Pajamas In Organic Cotton,Doctor,pajamas-kids,5.0,42.0,24.99,59.5,https://www.hannaandersson.com/dw/image/v2/BBLM_PRD/on/demandware.static/-/Sites-master-catalog/default/dw78e0bdb1/images/main/51573/51573_TG4_110_01.jpg?sw=369&q=90
DC Wonder Woman Long John Pajamas,Wonder Woman,pajamas-kids,5.0,42.0,24.99,59.5,https://www.hannaandersson.com/dw/image/v2/BBLM_PRD/on/demandware.static/-/Sites-master-catalog/default/dwdba05e95/images/main/62328/62328_BY8_110_01.jpg?sw=369&q=90
Sunblock UV Art Tee,Go Green,boys-clothing-tops-shirts,4.5,42.0,24.99,59.5,https://www.hannaandersson.com/dw/image/v2/BBLM_PRD/on/demandware.static/-/Sites-master-catalog/default/dw9f04443f/images/main/62241/62241_41T_110_01.jpg?sw=369&q=90
Glow-In-The-Dark Baby Zip Sleeper In Organic Cotton,Mummy,pajamas-baby,5.0,60.0,23.99,39.98,https://www.hannaandersson.com/dw/image/v2/BBLM_PRD/on/demandware.static/-/Sites-master-catalog/default/dwcf9d4913/images/main/43846/43846_TB1_60_01.jpg?sw=369&q=90
Baby Snap Footed Sleeper In Organic Cotton,View Blue,pajamas-baby,5.0,60.0,23.99,39.98,https://www.hannaandersson.com/dw/image/v2/BBLM_PRD/on/demandware.static/-/Sites-master-catalog/default/dwd9c21296/images/main/57437/57437_06C_60_01.jpg?sw=369&q=90
Summer Fun Swim Dress,Ecru,girls-clothing-swimsuits,Not Rated,50.0,23.99,47.98,https://www.hannaandersson.com/dw/image/v2/BBLM_PRD/on/demandware.static/-/Sites-master-catalog/default/dwc6d1fce7/images/main/62098/62098_76X_110_01.jpg?sw=369&q=90
Baby Zip Sleeper In Organic Cotton,Ladybug,pajamas-baby,4.5,50.0,23.99,47.98,https://www.hannaandersson.com/dw/image/v2/BBLM_PRD/on/demandware.static/-/Sites-master-catalog/default/dwb28ddbde/images/main/52171/52171_81O_60_01.jpg?sw=369&q=90
Snap Romper In Organic Cotton,Unicorns Hanna White,baby-girl-rompers,5.0,48.0,23.99,49.98,https://www.hannaandersson.com/dw/image/v2/BBLM_PRD/on/demandware.static/-/Sites-master-catalog/default/dwa3b6d563/images/main/62261/62261_JV5_60_01.jpg?sw=369&q=90
Twirl Power Chambray Dress,Light-Medium Wash Chambray,girls-clothing-dresses,5.0,48.0,23.99,49.98,https://www.hannaandersson.com/dw/image/v2/BBLM_PRD/on/demandware.static/-/Sites-master-catalog/default/dw833851ba/images/main/58635/58635_JG8_110_01.jpg?sw=369&q=90
Disney Princess Sweatshirt,Belle,girls-clothes-girls-sweaters-sweatshirts,5.0,48.0,23.99,49.98,https://www.hannaandersson.com/dw/image/v2/BBLM_PRD/on/demandware.static/-/Sites-master-catalog/default/dw175c4342/images/main/62350/62350_GD6_110_01.jpg?sw=369&q=90
Print Capri Leggings,Pink Florals,girls-clothing-pants-leggings-shorts,5.0,48.0,23.99,49.98,https://www.hannaandersson.com/dw/image/v2/BBLM_PRD/on/demandware.static/-/Sites-master-catalog/default/dwee7be094/images/main/62251/62251_TE4_110_01.jpg?sw=369&q=90
Print Capri Leggings,Hanna White Multi,girls-clothing-pants-leggings-shorts,5.0,48.0,23.99,49.98,https://www.hannaandersson.com/dw/image/v2/BBLM_PRD/on/demandware.static/-/Sites-master-catalog/default/dwd196f41b/images/main/62251/62251_GL7_110_01.jpg?sw=369&q=90
Snap Romper In Organic Cotton,Heather Grey/Hanna White,baby-girl-rompers,5.0,48.0,23.99,49.98,https://www.hannaandersson.com/dw/image/v2/BBLM_PRD/on/demandware.static/-/Sites-master-catalog/default/dw3d7bbac1/images/main/57435/57435_GN1_60_01.jpg?sw=369&q=90
Peanuts Birthday Long John Pajamas,Ecru,pajamas-baby,5.0,48.0,23.99,49.98,https://www.hannaandersson.com/dw/image/v2/BBLM_PRD/on/demandware.static/-/Sites-master-catalog/default/dwf012d5dc/images/main/62324/62324_76X_110_01.jpg?sw=369&q=90
Sunblock One Piece,Tomato,girls-clothing-swimsuits,3.0,48.0,23.99,49.98,https://www.hannaandersson.com/dw/image/v2/BBLM_PRD/on/demandware.static/-/Sites-master-catalog/default/dw105896a6/images/main/60414/60414_63O_110_01.jpg?sw=369&q=90
Print Tee,Lookout Blue,boys-clothing-tops-shirts,4.0,48.0,23.99,49.98,https://www.hannaandersson.com/dw/image/v2/BBLM_PRD/on/demandware.static/-/Sites-master-catalog/default/dw9782c3d7/images/main/62420/62420_77M_110_01.jpg?sw=369&q=90
Long John Pajamas In Organic Cotton,Apple,pajamas-kids,5.0,48.0,23.99,49.98,https://www.hannaandersson.com/dw/image/v2/BBLM_PRD/on/demandware.static/-/Sites-master-catalog/default/dw21f61f5f/images/main/64396/64396_QQ9_110_01.jpg?sw=369&q=90
DC Wonder Woman Dress,Wonder Woman,root,4.5,48.0,23.99,49.98,https://www.hannaandersson.com/dw/image/v2/BBLM_PRD/on/demandware.static/-/Sites-master-catalog/default/dw77850e5f/images/main/62148/62148_BY8_110_01.jpg?sw=369&q=90
Long John Pajamas In Organic Cotton,Dancers,pajamas-kids,5.0,48.0,23.99,49.98,https://www.hannaandersson.com/dw/image/v2/BBLM_PRD/on/demandware.static/-/Sites-master-catalog/default/dwefb950c3/images/main/51573/51573_NB9_110_01.jpg?sw=369&q=90
Disney Mickey Mouse Short John Pajamas In Organic Cotton,Mickey Mouse Red,pajamas-kids,5.0,48.0,23.99,49.98,https://www.hannaandersson.com/dw/image/v2/BBLM_PRD/on/demandware.static/-/Sites-master-catalog/default/dw699ced11/images/main/55402/55402_NK7_110_01.jpg?sw=369&q=90
Long John Pajamas In Organic Cotton,Skeleton Crew White,pajamas-kids,5.0,48.0,23.99,49.98,https://www.hannaandersson.com/dw/image/v2/BBLM_PRD/on/demandware.static/-/Sites-master-catalog/default/dw9de060e6/images/main/51573/51573_BT2_110_01.jpg?sw=369&q=90
Colorblock Sweatpants,Dark Heather Grey,root,Not Rated,48.0,23.99,49.98,https://www.hannaandersson.com/dw/image/v2/BBLM_PRD/on/demandware.static/-/Sites-master-catalog/default/dw4318c12c/images/main/64368/64368_J81_110_01.jpg?sw=369&q=90
Sunblock UV Art Tee,Deep Orange,boys-clothing-tops-shirts,4.5,48.0,23.99,49.98,https://www.hannaandersson.com/dw/image/v2/BBLM_PRD/on/demandware.static/-/Sites-master-catalog/default/dw18e4f17d/images/main/61127/61127_W10_110_01.jpg?sw=369&q=90
Peanuts Glow-In-The-Dark Art Tee,Snoopy,boys-clothing-tops-shirts,5.0,46.0,22.99,49.98,https://www.hannaandersson.com/dw/image/v2/BBLM_PRD/on/demandware.static/-/Sites-master-catalog/default/dw594cdf1c/images/main/57568/57568_BH5_110_01.jpg?sw=369&q=90
Bright Baby Basics Dress in Organic Cotton,Baltic Blue,root,5.0,46.0,22.99,49.98,https://www.hannaandersson.com/dw/image/v2/BBLM_PRD/on/demandware.static/-/Sites-master-catalog/default/dw88e91758/images/main/61987/61987_NV2_60_01.jpg?sw=369&q=90
Disney Princess Tutu In Soft Tulle,Belle,girls-clothes-skirts-shorts,4.5,54.0,21.99,40.72,https://www.hannaandersson.com/dw/image/v2/BBLM_PRD/on/demandware.static/-/Sites-master-catalog/default/dwf6d8a8d4/images/main/62358/62358_GD6_110_01.jpg?sw=369&q=90
Soft Art Tee,Soft Sage,girls-clothing-tops-shirts,4.5,54.0,21.99,40.72,https://www.hannaandersson.com/dw/image/v2/BBLM_PRD/on/demandware.static/-/Sites-master-catalog/default/dw1bcba7b7/images/main/62523/62523_N48_110_01.jpg?sw=369&q=90
Athletic Jacket,Navy Blue,boys-clothing-jackets-coats,5.0,54.0,21.99,40.72,https://www.hannaandersson.com/dw/image/v2/BBLM_PRD/on/demandware.static/-/Sites-master-catalog/default/dw6b5874a6/images/main/64365/64365_SR4_110_01.jpg?sw=369&q=90
Who Will You Be Cap,Pumpkin,accessories-baby-hats,5.0,54.0,21.99,40.72,https://www.hannaandersson.com/dw/image/v2/BBLM_PRD/on/demandware.static/-/Sites-master-catalog/default/dwaf8b6ae4/images/main/48200/48200_J86_60_01.jpg?sw=369&q=90
Peanuts Birthday Short John Pajamas,Ecru,pajamas-kids,4.5,54.0,21.99,40.72,https://www.hannaandersson.com/dw/image/v2/BBLM_PRD/on/demandware.static/-/Sites-master-catalog/default/dw5fae30e6/images/main/62330/62330_76X_110_01.jpg?sw=369&q=90
Marvel Black Panther Glow-In-The-Dark Halloween Sueded Tee,Black Panther,boys-clothing-tops-shirts,4.5,54.0,21.99,40.72,https://www.hannaandersson.com/dw/image/v2/BBLM_PRD/on/demandware.static/-/Sites-master-catalog/default/dwc4e565f5/images/main/62674/62674_PG2_110_01.jpg?sw=369&q=90
Baby Side Snap Bodysuit In Organic Cotton,Trek Teal,baby-girl-tops-shirts,5.0,54.0,21.99,40.72,https://www.hannaandersson.com/dw/image/v2/BBLM_PRD/on/demandware.static/-/Sites-master-catalog/default/dw7be362d4/images/main/52734/52734_PW1_60_01.jpg?sw=369&q=90
Print Tee,Lookout Blue,boys-clothing-tops-shirts,4.0,44.0,21.99,49.98,https://www.hannaandersson.com/dw/image/v2/BBLM_PRD/on/demandware.static/-/Sites-master-catalog/default/dw9782c3d7/images/main/62420/62420_77M_110_01.jpg?sw=369&q=90
Sunblock Rash Guard,Map Blue,baby-girl-swimsuits,4.0,42.0,21.0,50.0,https://www.hannaandersson.com/dw/image/v2/BBLM_PRD/on/demandware.static/-/Sites-master-catalog/default/dwe6581d36/images/main/60558/60558_D47_60_01.jpg?sw=369&q=90
Who Will You Be Cap,The Bug,accessories-baby-hats,5.0,52.0,20.99,40.37,https://www.hannaandersson.com/dw/image/v2/BBLM_PRD/on/demandware.static/-/Sites-master-catalog/default/dwd650608e/images/main/48200/48200_QS4_60_01.jpg?sw=369&q=90
Peanuts Birthday Short John Pajamas,Ecru,pajamas-kids,4.5,42.0,20.99,49.98,https://www.hannaandersson.com/dw/image/v2/BBLM_PRD/on/demandware.static/-/Sites-master-catalog/default/dw5fae30e6/images/main/62330/62330_76X_110_01.jpg?sw=369&q=90
"One Dress, Two Dress",Positively Purple,girls-clothing-dresses,5.0,42.0,20.99,49.98,https://www.hannaandersson.com/dw/image/v2/BBLM_PRD/on/demandware.static/-/Sites-master-catalog/default/dw3d56bd59/images/main/62510/62510_ST7_110_01.jpg?sw=369&q=90
Disney Princess Sweatshirt,Ariel,girls-clothes-girls-sweaters-sweatshirts,5.0,42.0,20.99,49.98,https://www.hannaandersson.com/dw/image/v2/BBLM_PRD/on/demandware.static/-/Sites-master-catalog/default/dw067df854/images/main/62350/62350_GD4_110_01.jpg?sw=369&q=90
Who Will You Be Cap,Mask-arade Grey,accessories-baby-hats,5.0,42.0,20.99,49.98,https://www.hannaandersson.com/dw/image/v2/BBLM_PRD/on/demandware.static/-/Sites-master-catalog/default/dwab60c65d/images/main/48200/48200_NA4_60_01.jpg?sw=369&q=90
Swing Dress,Happy Pink,girls-clothing-dresses,4.5,42.0,20.99,49.98,https://www.hannaandersson.com/dw/image/v2/BBLM_PRD/on/demandware.static/-/Sites-master-catalog/default/dw020a32d9/images/main/62031/62031_G43_110_01.jpg?sw=369&q=90
Bright Basics Tee In Pima Cotton,Tomato,girls-clothing-tops-shirts,5.0,42.0,20.99,49.98,https://www.hannaandersson.com/dw/image/v2/BBLM_PRD/on/demandware.static/-/Sites-master-catalog/default/dwa281960b/images/main/46153/46153_63O_110_01.jpg?sw=369&q=90
Bright Basics Tee In Organic Cotton,Hanna White Multi,baby-girl-tops-shirts,5.0,50.0,19.99,39.98,https://www.hannaandersson.com/dw/image/v2/BBLM_PRD/on/demandware.static/-/Sites-master-catalog/default/dw54591b12/images/main/60561/60561_GL7_60_01.jpg?sw=369&q=90
Scooter Skirt,Navy Multi,girls-clothes-skirts-shorts,5.0,50.0,19.99,39.98,https://www.hannaandersson.com/dw/image/v2/BBLM_PRD/on/demandware.static/-/Sites-master-catalog/default/dw5b8de763/images/main/62656/62656_A96_110_01.jpg?sw=369&q=90
Scooter Skirt,Navy Multi,girls-clothes-skirts-shorts,5.0,50.0,19.99,39.98,https://www.hannaandersson.com/dw/image/v2/BBLM_PRD/on/demandware.static/-/Sites-master-catalog/default/dw5b8de763/images/main/62656/62656_A96_110_01.jpg?sw=369&q=90
Glow-In-The-Dark Baby Zip Sleeper In Organic Cotton,Mummy,pajamas-baby,5.0,50.0,19.99,39.98,https://www.hannaandersson.com/dw/image/v2/BBLM_PRD/on/demandware.static/-/Sites-master-catalog/default/dwcf9d4913/images/main/43846/43846_TB1_60_01.jpg?sw=369&q=90
Swan Mask,White Swan,girls-accessories-costumes,5.0,50.0,18.99,37.98,https://www.hannaandersson.com/dw/image/v2/BBLM_PRD/on/demandware.static/-/Sites-master-catalog/default/dw8caddc35/images/main/52641/52641_BD5_OS_01.jpg?sw=369&q=90
Disney Princess Art Tee,Rapunzel,girls-clothing-tops-shirts,5.0,50.0,18.99,37.98,https://www.hannaandersson.com/dw/image/v2/BBLM_PRD/on/demandware.static/-/Sites-master-catalog/default/dwfbb21232/images/main/62351/62351_GD8_110_01.jpg?sw=369&q=90
Super Soft Skater Dress,Sunshine,girls-clothing-dresses,5.0,48.0,18.99,39.56,https://www.hannaandersson.com/dw/image/v2/BBLM_PRD/on/demandware.static/-/Sites-master-catalog/default/dweb86bf06/images/main/60363/60363_M07_110_01.jpg?sw=369&q=90
Double Knee Woven Pants,Navy Blue,boys-clothing-pants-shorts,4.0,48.0,18.99,39.56,https://www.hannaandersson.com/dw/image/v2/BBLM_PRD/on/demandware.static/-/Sites-master-catalog/default/dwba1b008f/images/main/64344/64344_SR4_110_01.jpg?sw=369&q=90
Bright Basics Bear Hoodie,Trek Teal,baby-girl-outerwear,4.5,48.0,18.99,39.56,https://www.hannaandersson.com/dw/image/v2/BBLM_PRD/on/demandware.static/-/Sites-master-catalog/default/dw117f033f/images/main/54036/54036_PW1_60_01.jpg?sw=369&q=90
Double Knee Woven Pants,Expedition Green,boys-clothing-pants-shorts,4.0,48.0,18.99,39.56,https://www.hannaandersson.com/dw/image/v2/BBLM_PRD/on/demandware.static/-/Sites-master-catalog/default/dw19f7e61b/images/main/64344/64344_PJ9_110_01.jpg?sw=369&q=90
Disney Princess Tutu In Soft Tulle,Jasmine,girls-clothes-skirts-shorts,4.5,48.0,18.99,39.56,https://www.hannaandersson.com/dw/image/v2/BBLM_PRD/on/demandware.static/-/Sites-master-catalog/default/dwff65cf6c/images/main/62358/62358_GD7_110_01.jpg?sw=369&q=90
Disney Princess Print Leggings,Ariel,girls-clothing-pants-leggings-shorts,5.0,48.0,18.99,39.56,https://www.hannaandersson.com/dw/image/v2/BBLM_PRD/on/demandware.static/-/Sites-master-catalog/default/dwc865b320/images/main/62355/62355_GD4_110_01.jpg?sw=369&q=90
Baby Bodysuit In Organic Cotton,Hanna White,baby-girl-tops-shirts,5.0,48.0,18.99,39.56,https://www.hannaandersson.com/dw/image/v2/BBLM_PRD/on/demandware.static/-/Sites-master-catalog/default/dw1d81f1c7/images/main/65015/65015_GK3_60_01.jpg?sw=369&q=90
Marvel The Hulk Sweatshirt,Hulk,boys-clothing-tops-shirts,5.0,48.0,18.99,39.56,https://www.hannaandersson.com/dw/image/v2/BBLM_PRD/on/demandware.static/-/Sites-master-catalog/default/dw8176b775/images/main/62342/62342_PG1_110_01.jpg?sw=369&q=90
Disney Princess Tutu In Soft Tulle,Ariel,girls-clothes-skirts-shorts,4.5,38.0,18.99,49.97,https://www.hannaandersson.com/dw/image/v2/BBLM_PRD/on/demandware.static/-/Sites-master-catalog/default/dwcfe5cc91/images/main/62358/62358_GD4_110_01.jpg?sw=369&q=90
Short John Pajamas In Organic Cotton,Apple,pajamas-kids,5.0,38.0,18.99,49.97,https://www.hannaandersson.com/dw/image/v2/BBLM_PRD/on/demandware.static/-/Sites-master-catalog/default/dw5c66bbbc/images/main/64397/64397_QQ9_110_01.jpg?sw=369&q=90
Disney Princess Art Tee,Jasmine,girls-clothing-tops-shirts,5.0,38.0,18.99,49.97,https://www.hannaandersson.com/dw/image/v2/BBLM_PRD/on/demandware.static/-/Sites-master-catalog/default/dwe32db521/images/main/62351/62351_GD7_110_01.jpg?sw=369&q=90
Marvel Captain America Long John Pajamas,Captain America,pajamas-baby,4.5,38.0,18.99,49.97,https://www.hannaandersson.com/dw/image/v2/BBLM_PRD/on/demandware.static/-/Sites-master-catalog/default/dw2b2c866e/images/main/62325/62325_PF8_110_01.jpg?sw=369&q=90
Long John Pajamas In Organic Cotton,Monster,pajamas-kids,5.0,46.0,17.99,39.11,https://www.hannaandersson.com/dw/image/v2/BBLM_PRD/on/demandware.static/-/Sites-master-catalog/default/dw08a2a06a/images/main/51573/51573_54Q_110_01.jpg?sw=369&q=90
Striped Art Tee,Petal Pink,baby-girl-tops-shirts,Not Rated,46.0,17.99,39.11,https://www.hannaandersson.com/dw/image/v2/BBLM_PRD/on/demandware.static/-/Sites-master-catalog/default/dwbde15035/images/main/62578/62578_B42_90_01.jpg?sw=369&q=90
Corduroy Twirl Dress,Sunshine,girls-clothing-dresses,4.5,46.0,17.99,39.11,https://www.hannaandersson.com/dw/image/v2/BBLM_PRD/on/demandware.static/-/Sites-master-catalog/default/dwd2c5bb5c/images/main/62947/62947_M07_110_01.jpg?sw=369&q=90
Star Wars™ Long John Pajamas In Organic Cotton,Stormtrooper Mummy,pajamas-kids,4.5,46.0,17.99,39.11,https://www.hannaandersson.com/dw/image/v2/BBLM_PRD/on/demandware.static/-/Sites-master-catalog/default/dw4e8393de/images/main/57571/57571_TE9_110_01.jpg?sw=369&q=90
Footed Sleeper In Organic Cotton,Morning Sky Ship,pajamas-baby,4.5,46.0,17.99,39.11,https://www.hannaandersson.com/dw/image/v2/BBLM_PRD/on/demandware.static/-/Sites-master-catalog/default/dw2e170b52/images/main/58328/58328_PK5_60_01.jpg?sw=369&q=90
Baby Snap Footed Sleeper In Organic Cotton,Fancy Frogs,pajamas-baby,5.0,44.0,17.99,40.89,https://www.hannaandersson.com/dw/image/v2/BBLM_PRD/on/demandware.static/-/Sites-master-catalog/default/dw49ebf22d/images/main/57436/57436_Ql7_60_01.jpg?sw=369&q=90
Bright Basics Tee In Organic Cotton,Hanna Red,baby-girl-tops-shirts,5.0,44.0,17.99,40.89,https://www.hannaandersson.com/dw/image/v2/BBLM_PRD/on/demandware.static/-/Sites-master-catalog/default/dw4cf8e48a/images/main/60561/60561_M23_60_01.jpg?sw=369&q=90
Rugged Rugby,Navy/Hanna Red,boys-clothing-tops-shirts,4.5,44.0,17.99,40.89,https://www.hannaandersson.com/dw/image/v2/BBLM_PRD/on/demandware.static/-/Sites-master-catalog/default/dw1e7efb80/images/main/51897/51897_GA5_110_01.jpg?sw=369&q=90
Disney Princess Print Leggings,Rapunzel,girls-clothing-pants-leggings-shorts,5.0,44.0,17.99,40.89,https://www.hannaandersson.com/dw/image/v2/BBLM_PRD/on/demandware.static/-/Sites-master-catalog/default/dw245d81e3/images/main/62355/62355_GD8_110_01.jpg?sw=369&q=90
Footed Sleeper In Organic Cotton,Grey Moon Geo,pajamas-baby-cat,4.5,44.0,17.99,40.89,https://www.hannaandersson.com/dw/image/v2/BBLM_PRD/on/demandware.static/-/Sites-master-catalog/default/dw946687e1/images/main/58328/58328_PL2_60_01.jpg?sw=369&q=90
Baby Bodysuit In Organic Cotton,Snail Tale,root,5.0,44.0,17.99,40.89,https://www.hannaandersson.com/dw/image/v2/BBLM_PRD/on/demandware.static/-/Sites-master-catalog/default/dwe4109dab/images/main/57433/57433_QG3_60_01.jpg?sw=369&q=90
Footed Sleeper In Organic Cotton,Grey Moon Geo,pajamas-baby-cat,4.5,44.0,17.99,40.89,https://www.hannaandersson.com/dw/image/v2/BBLM_PRD/on/demandware.static/-/Sites-master-catalog/default/dw946687e1/images/main/58328/58328_PL2_60_01.jpg?sw=369&q=90
Baby Bodysuit In Organic Cotton,Snail Tale,root,5.0,44.0,17.99,40.89,https://www.hannaandersson.com/dw/image/v2/BBLM_PRD/on/demandware.static/-/Sites-master-catalog/default/dwe4109dab/images/main/57433/57433_QG3_60_01.jpg?sw=369&q=90
Baby Snap Footed Sleeper In Organic Cotton,Speedy Squirrels,pajamas-baby,5.0,36.0,17.99,49.97,https://www.hannaandersson.com/dw/image/v2/BBLM_PRD/on/demandware.static/-/Sites-master-catalog/default/dwe2d81550/images/main/57436/57436_QG4_60_01.jpg?sw=369&q=90
UV Dress,Multi,girls-clothing-dresses,5.0,36.0,17.99,49.97,https://www.hannaandersson.com/dw/image/v2/BBLM_PRD/on/demandware.static/-/Sites-master-catalog/default/dwd2f77178/images/main/65293/65293_990_110_01.jpg?sw=369&q=90
Who Will You Be Cap,The Bug,accessories-baby-hats,5.0,36.0,17.99,49.97,https://www.hannaandersson.com/dw/image/v2/BBLM_PRD/on/demandware.static/-/Sites-master-catalog/default/dwd650608e/images/main/48200/48200_QS4_60_01.jpg?sw=369&q=90
Combed Cotton Jersey Polo,Navy,root,5.0,36.0,17.99,49.97,https://www.hannaandersson.com/dw/image/v2/BBLM_PRD/on/demandware.static/-/Sites-master-catalog/default/dw72c528f6/images/main/60590/60590_A91_90_01.jpg?sw=369&q=90
Sunblock Rash Guard,Navy,baby-girl-swimsuits,4.0,42.0,16.99,40.45,https://www.hannaandersson.com/dw/image/v2/BBLM_PRD/on/demandware.static/-/Sites-master-catalog/default/dw68e1c6e1/images/main/60558/60558_A91_60_01.jpg?sw=369&q=90
Sueded Jersey Polo,Baltic Blue,boys-clothing-tops-shirts,4.0,42.0,16.99,40.45,https://www.hannaandersson.com/dw/image/v2/BBLM_PRD/on/demandware.static/-/Sites-master-catalog/default/dw99580ff8/images/main/57801/57801_NV2_110_01.jpg?sw=369&q=90
Snap Romper In Organic Cotton,Bright Butterflies,baby-girl-rompers,5.0,42.0,16.99,40.45,https://www.hannaandersson.com/dw/image/v2/BBLM_PRD/on/demandware.static/-/Sites-master-catalog/default/dwdc25465f/images/main/62261/62261_QG8_60_01.jpg?sw=369&q=90
Marvel Iron Man Art Tee,Iron Man,boys-clothing-tops-shirts,4.5,42.0,16.99,40.45,https://www.hannaandersson.com/dw/image/v2/BBLM_PRD/on/demandware.static/-/Sites-master-catalog/default/dw786a5fb7/images/main/62346/62346_PG4_110_01.jpg?sw=369&q=90
Disney and Pixar Long John Pajamas,Finding Nemo,pajamas-kids,4.5,42.0,16.99,40.45,https://www.hannaandersson.com/dw/image/v2/BBLM_PRD/on/demandware.static/-/Sites-master-catalog/default/dwb0057528/images/main/62317/62317_SS8_110_01.jpg?sw=369&q=90
Long John Pajamas In Organic Cotton,Midnight Stars,pajamas-kids,5.0,42.0,16.99,40.45,https://www.hannaandersson.com/dw/image/v2/BBLM_PRD/on/demandware.static/-/Sites-master-catalog/default/dw4e3ad9e9/images/main/37028/37028_TA7_110_01.jpg?sw=369&q=90
Bright Basics Pima Tee,Oat Heather,boys-clothing-tops-shirts,4.5,42.0,16.99,40.45,https://www.hannaandersson.com/dw/image/v2/BBLM_PRD/on/demandware.static/-/Sites-master-catalog/default/dwb975f64e/images/main/51891/51891_AN8_110_01.jpg?sw=369&q=90
Baby Zip Sleeper In Organic Cotton,Apple,pajamas-baby,4.5,42.0,16.99,40.45,https://www.hannaandersson.com/dw/image/v2/BBLM_PRD/on/demandware.static/-/Sites-master-catalog/default/dw65d781c7/images/main/58694/58694_QQ9_60_01.jpg?sw=369&q=90
Soft Art Tee,Lookout Blue,girls-clothing-tops-shirts,4.5,34.0,16.99,49.97,https://www.hannaandersson.com/dw/image/v2/BBLM_PRD/on/demandware.static/-/Sites-master-catalog/default/dw62a5b616/images/main/62523/62523_77M_110_01.jpg?sw=369&q=90
Colorblock Tee,Multi,boys-clothing-tops-shirts,5.0,34.0,16.99,49.97,https://www.hannaandersson.com/dw/image/v2/BBLM_PRD/on/demandware.static/-/Sites-master-catalog/default/dwc2f8c227/images/main/64367/64367_990_110_01.jpg?sw=369&q=90
Super Soft Skater Dress,Multi,girls-clothing-dresses,5.0,34.0,16.99,49.97,https://www.hannaandersson.com/dw/image/v2/BBLM_PRD/on/demandware.static/-/Sites-master-catalog/default/dwa2a8cd71/images/main/60363/60363_990_110_01.jpg?sw=369&q=90
Soft Art Tee,Navy Blue,girls-clothing-tops-shirts,4.5,34.0,16.99,49.97,https://www.hannaandersson.com/dw/image/v2/BBLM_PRD/on/demandware.static/-/Sites-master-catalog/default/dwd10f4c45/images/main/62523/62523_SR4_110_01.jpg?sw=369&q=90
Baby Snap Footed Sleeper In Organic Cotton,View Blue,pajamas-baby,5.0,34.0,16.99,49.97,https://www.hannaandersson.com/dw/image/v2/BBLM_PRD/on/demandware.static/-/Sites-master-catalog/default/dwd9c21296/images/main/57437/57437_06C_60_01.jpg?sw=369&q=90
Print Capri Leggings,Sunshine,girls-clothing-pants-leggings-shorts,5.0,34.0,16.99,49.97,https://www.hannaandersson.com/dw/image/v2/BBLM_PRD/on/demandware.static/-/Sites-master-catalog/default/dw1ca3faa3/images/main/62251/62251_M07_110_01.jpg?sw=369&q=90
Baby Bodysuit Dress Organic Cotton,Sea Salt/ Bunny Brown,baby-girl-dresses-skirts,5.0,34.0,16.99,49.97,https://www.hannaandersson.com/dw/image/v2/BBLM_PRD/on/demandware.static/-/Sites-master-catalog/default/dw5937e067/images/main/62260/62260_SL7_60_01.jpg?sw=369&q=90
Print Slim Leggings,Rainbow Daisies,girls-clothing-pants-leggings-shorts,4.5,34.0,16.99,49.97,https://www.hannaandersson.com/dw/image/v2/BBLM_PRD/on/demandware.static/-/Sites-master-catalog/default/dw83f5e942/images/main/65291/65291_TE5_110_01.jpg?sw=369&q=90
Baby Zip Sleeper In Organic Cotton,Midnight Stars,pajamas-baby,4.5,34.0,16.99,49.97,https://www.hannaandersson.com/dw/image/v2/BBLM_PRD/on/demandware.static/-/Sites-master-catalog/default/dw6fdb12ee/images/main/51836/51836_TA7_60_01.jpg?sw=369&q=90
Baby Dress & Bloomer Set In Organic Cotton,Navy,baby-girl-dresses-skirts,5.0,40.0,15.99,39.98,https://www.hannaandersson.com/dw/image/v2/BBLM_PRD/on/demandware.static/-/Sites-master-catalog/default/dwdfb2713f/images/main/57421/57421_A91_60_01.jpg?sw=369&q=90
Baby Snap Footed Sleeper In Organic Cotton,Happy Pink,pajamas-baby,5.0,40.0,15.99,39.98,https://www.hannaandersson.com/dw/image/v2/BBLM_PRD/on/demandware.static/-/Sites-master-catalog/default/dwd04293c9/images/main/57437/57437_G43_60_01.jpg?sw=369&q=90
Baby Dress & Bloomer Set In Organic Cotton,Trek Teal,baby-girl-dresses-skirts,5.0,40.0,15.99,39.98,https://www.hannaandersson.com/dw/image/v2/BBLM_PRD/on/demandware.static/-/Sites-master-catalog/default/dw02ce41b1/images/main/57421/57421_PW1_60_01.jpg?sw=369&q=90
Baby Snap Footed Sleeper In Organic Cotton,Heather Grey,pajamas-baby,5.0,40.0,15.99,39.98,https://www.hannaandersson.com/dw/image/v2/BBLM_PRD/on/demandware.static/-/Sites-master-catalog/default/dwe6d7c706/images/main/57437/57437_011_60_01.jpg?sw=369&q=90
Baby First Socks 2-Pack,Trek Teal,baby-clothes,5.0,40.0,15.99,39.98,https://www.hannaandersson.com/dw/image/v2/BBLM_PRD/on/demandware.static/-/Sites-master-catalog/default/dwb56a8dba/images/main/57996/57996_PW1_60_01.jpg?sw=369&q=90
Soft Art Tee,Lookout Blue,girls-clothing-tops-shirts,4.5,40.0,15.99,39.98,https://www.hannaandersson.com/dw/image/v2/BBLM_PRD/on/demandware.static/-/Sites-master-catalog/default/dw62a5b616/images/main/62523/62523_77M_110_01.jpg?sw=369&q=90
Disney and Pixar Short Johns In Organic Cotton,Pixar,pajamas-kids,5.0,40.0,15.99,39.98,https://www.hannaandersson.com/dw/image/v2/BBLM_PRD/on/demandware.static/-/Sites-master-catalog/default/dwec404b06/images/main/62329/62329_SS7_110_01.jpg?sw=369&q=90
Double Knee Woven Pants,Expedition Green,boys-clothing-pants-shorts,4.0,40.0,15.99,39.98,https://www.hannaandersson.com/dw/image/v2/BBLM_PRD/on/demandware.static/-/Sites-master-catalog/default/dw19f7e61b/images/main/64344/64344_PJ9_110_01.jpg?sw=369&q=90
Stripe Jersey Dress,Hanna Red,girls-clothing-dresses,5.0,40.0,15.99,39.98,https://www.hannaandersson.com/dw/image/v2/BBLM_PRD/on/demandware.static/-/Sites-master-catalog/default/dwd95b1f93/images/main/62518/62518_M23_110_01.jpg?sw=369&q=90
Athletic Shorts,Multi,boys-clothing-shorts,3.5,38.0,14.99,39.45,https://www.hannaandersson.com/dw/image/v2/BBLM_PRD/on/demandware.static/-/Sites-master-catalog/default/dwa631f4e0/images/main/60481/60481_990_110_01.jpg?sw=369&q=90
Stretch Denim Overalls,Vintage Wash,girls-clothing-pants-leggings-shorts,5.0,38.0,14.99,39.45,https://www.hannaandersson.com/dw/image/v2/BBLM_PRD/on/demandware.static/-/Sites-master-catalog/default/dw5e503a60/images/main/64376/64376_SY7_110_01.jpg?sw=369&q=90
Disney Princess Sweatshirt,Rapunzel,girls-clothes-girls-sweaters-sweatshirts,5.0,38.0,14.99,39.45,https://www.hannaandersson.com/dw/image/v2/BBLM_PRD/on/demandware.static/-/Sites-master-catalog/default/dw312c6eae/images/main/62350/62350_GD8_110_01.jpg?sw=369&q=90
Stretch Denim Overalls,Dark Play Denim,baby-girl-pants-leggings-shorts,5.0,38.0,14.99,39.45,https://www.hannaandersson.com/dw/image/v2/BBLM_PRD/on/demandware.static/-/Sites-master-catalog/default/dw3cbb5848/images/main/57994/57994_NJ1_90_01.jpg?sw=369&q=90
Sidestripe Slim Leggings,Happy Pink,girls-clothing-pants-leggings-shorts,3.0,38.0,14.99,39.45,https://www.hannaandersson.com/dw/image/v2/BBLM_PRD/on/demandware.static/-/Sites-master-catalog/default/dw2e015d2e/images/main/60398/60398_G43_110_01.jpg?sw=369&q=90
Disney Princess Sweatshirt,Jasmine,girls-clothes-girls-sweaters-sweatshirts,5.0,38.0,14.99,39.45,https://www.hannaandersson.com/dw/image/v2/BBLM_PRD/on/demandware.static/-/Sites-master-catalog/default/dwcd458679/images/main/62350/62350_GD7_110_01.jpg?sw=369&q=90
Disney and Pixar Sleeper In Organic Cotton,Pixar,pajamas-baby,4.5,38.0,14.99,39.45,https://www.hannaandersson.com/dw/image/v2/BBLM_PRD/on/demandware.static/-/Sites-master-catalog/default/dw35139633/images/main/62334/62334_SS7_60_01.jpg?sw=369&q=90
Summer Fun Swim Dress,Ecru,girls-clothing-swimsuits,Not Rated,38.0,14.99,39.45,https://www.hannaandersson.com/dw/image/v2/BBLM_PRD/on/demandware.static/-/Sites-master-catalog/default/dwc6d1fce7/images/main/62098/62098_76X_110_01.jpg?sw=369&q=90
Sunblock Art Rash Guard,Navy,boys-clothing-swimsuits,Not Rated,38.0,14.99,39.45,https://www.hannaandersson.com/dw/image/v2/BBLM_PRD/on/demandware.static/-/Sites-master-catalog/default/dwdea1b0bb/images/main/62194/62194_A91_110_01.jpg?sw=369&q=90
Star Wars™ Glow-In-The-Dark Long John Pajamas In Organic Cotton,Storm Trooper White,pajamas-kids,4.5,38.0,14.99,39.45,https://www.hannaandersson.com/dw/image/v2/BBLM_PRD/on/demandware.static/-/Sites-master-catalog/default/dw955c889f/images/main/46123/46123_KT5_110_01.jpg?sw=369&q=90
Footed Sleeper In Organic Cotton,Lila Rosa Geo,pajamas-baby-cat,4.5,38.0,14.99,39.45,https://www.hannaandersson.com/dw/image/v2/BBLM_PRD/on/demandware.static/-/Sites-master-catalog/default/dw6dece64c/images/main/58328/58328_PL1_60_01.jpg?sw=369&q=90
Bright Basics Dress,Tomato,girls-clothing-dresses,4.5,38.0,14.99,39.45,https://www.hannaandersson.com/dw/image/v2/BBLM_PRD/on/demandware.static/-/Sites-master-catalog/default/dw2037b1f9/images/main/48274/48274_63O_110_01.jpg?sw=369&q=90
Bright Baby Basics Shorts,Heather Grey,root,4.5,30.0,14.99,49.97,https://www.hannaandersson.com/dw/image/v2/BBLM_PRD/on/demandware.static/-/Sites-master-catalog/default/dw0c49fda1/images/main/53103/53103_011_60_01.jpg?sw=369&q=90
Baby Zip Sleeper In Organic Cotton,Fall Animals,pajamas-baby,4.5,30.0,14.99,49.97,https://www.hannaandersson.com/dw/image/v2/BBLM_PRD/on/demandware.static/-/Sites-master-catalog/default/dwda6fac6e/images/main/58694/58694_TG1_60_01.jpg?sw=369&q=90
Disney Princess Sweatshirt,Jasmine,girls-clothes-girls-sweaters-sweatshirts,5.0,30.0,14.99,49.97,https://www.hannaandersson.com/dw/image/v2/BBLM_PRD/on/demandware.static/-/Sites-master-catalog/default/dwcd458679/images/main/62350/62350_GD7_110_01.jpg?sw=369&q=90
Bright Basics Tee In Organic Cotton,Power Pink,baby-girl-tops-shirts,5.0,60.0,14.79,24.65,https://www.hannaandersson.com/dw/image/v2/BBLM_PRD/on/demandware.static/-/Sites-master-catalog/default/dw80023a30/images/main/60561/60561_PV5_60_01.jpg?sw=369&q=90
Star Wars™ Glow-In-The-Dark Long John Pajamas In Organic Cotton,Storm Trooper White,pajamas-kids,4.5,58.0,14.79,25.5,https://www.hannaandersson.com/dw/image/v2/BBLM_PRD/on/demandware.static/-/Sites-master-catalog/default/dw955c889f/images/main/46123/46123_KT5_110_01.jpg?sw=369&q=90
Rugged Rugby,Navy/Foggy Blue,boys-clothing-tops-shirts,4.5,36.0,13.99,38.86,https://www.hannaandersson.com/dw/image/v2/BBLM_PRD/on/demandware.static/-/Sites-master-catalog/default/dw1fe7921f/images/main/51897/51897_RJ4_110_01.jpg?sw=369&q=90
Short John Pajamas In Organic Cotton,Apple,pajamas-kids,5.0,36.0,13.99,38.86,https://www.hannaandersson.com/dw/image/v2/BBLM_PRD/on/demandware.static/-/Sites-master-catalog/default/dw5c66bbbc/images/main/64397/64397_QQ9_110_01.jpg?sw=369&q=90
Baby First Socks 2-Pack,Navy,baby-accessories-socks-tights,5.0,36.0,13.99,38.86,https://www.hannaandersson.com/dw/image/v2/BBLM_PRD/on/demandware.static/-/Sites-master-catalog/default/dwa34c9d96/images/main/57996/57996_A91_60_01.jpg?sw=369&q=90
Disney Princess Tutu In Soft Tulle,Jasmine,girls-clothes-skirts-shorts,4.5,36.0,13.99,38.86,https://www.hannaandersson.com/dw/image/v2/BBLM_PRD/on/demandware.static/-/Sites-master-catalog/default/dwff65cf6c/images/main/62358/62358_GD7_110_01.jpg?sw=369&q=90
Bright Basics Tee In Organic Cotton,Baltic Blue Multi,baby-girl-tops-shirts,5.0,36.0,13.99,38.86,https://www.hannaandersson.com/dw/image/v2/BBLM_PRD/on/demandware.static/-/Sites-master-catalog/default/dw66659f0b/images/main/60561/60561_NW4_60_01.jpg?sw=369&q=90
Who Will You Be Cap,Pumpkin,accessories-baby-hats,5.0,36.0,13.99,38.86,https://www.hannaandersson.com/dw/image/v2/BBLM_PRD/on/demandware.static/-/Sites-master-catalog/default/dwaf8b6ae4/images/main/48200/48200_J86_60_01.jpg?sw=369&q=90
UV Dress,Black,girls-clothing-dresses,5.0,36.0,13.99,38.86,https://www.hannaandersson.com/dw/image/v2/BBLM_PRD/on/demandware.static/-/Sites-master-catalog/default/dwad8895f4/images/main/65293/65293_015_110_01.jpg?sw=369&q=90
Long John Pajamas in Organic Cotton,Baltic Blue Multi,pajamas-baby,5.0,36.0,13.99,38.86,https://www.hannaandersson.com/dw/image/v2/BBLM_PRD/on/demandware.static/-/Sites-master-catalog/default/dw867bbfb6/images/main/59541/59541_NW4_60_01.jpg?sw=369&q=90
Star Wars™ Glow-In-The-Dark Long John Pajamas In Organic Cotton,Chewbacca,pajamas-kids,4.5,28.0,13.99,49.96,https://www.hannaandersson.com/dw/image/v2/BBLM_PRD/on/demandware.static/-/Sites-master-catalog/default/dwd41ab871/images/main/46123/46123_JU4_110_01.jpg?sw=369&q=90
Sunblock Rash Guard,White,baby-girl-swimsuits,4.0,28.0,13.99,49.96,https://www.hannaandersson.com/dw/image/v2/BBLM_PRD/on/demandware.static/-/Sites-master-catalog/default/dwe8c6f5c8/images/main/60558/60558_001_60_01.jpg?sw=369&q=90
Disney Princess Print Leggings,Jasmine,girls-clothing-pants-leggings-shorts,5.0,26.0,12.99,49.96,https://www.hannaandersson.com/dw/image/v2/BBLM_PRD/on/demandware.static/-/Sites-master-catalog/default/dwb825ff15/images/main/62355/62355_GD7_110_01.jpg?sw=369&q=90
Play Tee & Pant Set,Ecru,baby-girl-pants-leggings-shorts,5.0,52.0,12.79,24.6,https://www.hannaandersson.com/dw/image/v2/BBLM_PRD/on/demandware.static/-/Sites-master-catalog/default/dwfed516b1/images/main/62574/62574_76X_90_01.jpg?sw=369&q=90
"One Dress, Two Dress",Lookout Blue,girls-clothing-dresses,5.0,50.0,12.79,25.58,https://www.hannaandersson.com/dw/image/v2/BBLM_PRD/on/demandware.static/-/Sites-master-catalog/default/dw84c5e65d/images/main/62510/62510_77M_110_01.jpg?sw=369&q=90
Long John Pajamas In Organic Cotton,Monster,pajamas-kids,5.0,30.0,11.99,39.97,https://www.hannaandersson.com/dw/image/v2/BBLM_PRD/on/demandware.static/-/Sites-master-catalog/default/dw08a2a06a/images/main/51573/51573_54Q_110_01.jpg?sw=369&q=90
Footed Sleeper In Organic Cotton,Lila Rosa Geo,pajamas-baby-cat,4.5,30.0,11.99,39.97,https://www.hannaandersson.com/dw/image/v2/BBLM_PRD/on/demandware.static/-/Sites-master-catalog/default/dw6dece64c/images/main/58328/58328_PL1_60_01.jpg?sw=369&q=90
Super Soft Skater Dress,Multi,girls-clothing-dresses,5.0,48.0,11.79,24.56,https://www.hannaandersson.com/dw/image/v2/BBLM_PRD/on/demandware.static/-/Sites-master-catalog/default/dwa2a8cd71/images/main/60363/60363_990_110_01.jpg?sw=369&q=90
Disney Princess Tutu In Soft Tulle,Belle,girls-clothes-skirts-shorts,4.5,48.0,11.79,24.56,https://www.hannaandersson.com/dw/image/v2/BBLM_PRD/on/demandware.static/-/Sites-master-catalog/default/dwf6d8a8d4/images/main/62358/62358_GD6_110_01.jpg?sw=369&q=90
Play Sock 3-Pack,Unicorn 3pk,sale-event-hs,4.5,48.0,11.79,24.56,https://www.hannaandersson.com/dw/image/v2/BBLM_PRD/on/demandware.static/-/Sites-master-catalog/default/dw41b3a06c/images/main/64310/64310_TF3_90_01.jpg?sw=369&q=90
Marvel The Hulk Long John Pajamas,Hulk,pajamas-kids,5.0,46.0,11.79,25.63,https://www.hannaandersson.com/dw/image/v2/BBLM_PRD/on/demandware.static/-/Sites-master-catalog/default/dwa827e25a/images/main/62321/62321_PG1_110_01.jpg?sw=369&q=90
Marvel Iron Man Sweatshirt,Iron Man,boys-clothing-tops-shirts,5.0,28.0,10.99,39.25,https://www.hannaandersson.com/dw/image/v2/BBLM_PRD/on/demandware.static/-/Sites-master-catalog/default/dwf95371fc/images/main/62343/62343_PG4_110_01.jpg?sw=369&q=90
Disney and Pixar Long John Pajamas,Incredibles,pajamas-kids,4.5,44.0,10.79,24.52,https://www.hannaandersson.com/dw/image/v2/BBLM_PRD/on/demandware.static/-/Sites-master-catalog/default/dw79bb9297/images/main/62317/62317_ST1_110_01.jpg?sw=369&q=90
Soft Art Tee,Lookout Blue,girls-clothing-tops-shirts,4.5,20.0,10.0,50.0,https://www.hannaandersson.com/dw/image/v2/BBLM_PRD/on/demandware.static/-/Sites-master-catalog/default/dw6507557f/images/main/62639/62639_77M_110_01.jpg?sw=369&q=90
Striped Art Tee,Golden Hour,baby-girl-tops-shirts,Not Rated,20.0,10.0,50.0,https://www.hannaandersson.com/dw/image/v2/BBLM_PRD/on/demandware.static/-/Sites-master-catalog/default/dwe02bda5b/images/main/62578/62578_PV4_90_01.jpg?sw=369&q=90
Who Will You Be Cap,Night Flight,accessories-baby-hats,5.0,20.0,10.0,50.0,https://www.hannaandersson.com/dw/image/v2/BBLM_PRD/on/demandware.static/-/Sites-master-catalog/default/dw9a5c4fb3/images/main/48200/48200_69U_60_01.jpg?sw=369&q=90
Long John Pajamas In Organic Cotton,Dancers,pajamas-kids,5.0,20.0,10.0,50.0,https://www.hannaandersson.com/dw/image/v2/BBLM_PRD/on/demandware.static/-/Sites-master-catalog/default/dwefb950c3/images/main/51573/51573_NB9_110_01.jpg?sw=369&q=90
Marvel Captain America Sweatshirt,Captain America,boys-clothing-tops-shirts,5.0,26.0,9.99,38.42,https://www.hannaandersson.com/dw/image/v2/BBLM_PRD/on/demandware.static/-/Sites-master-catalog/default/dwa3c844b7/images/main/62341/62341_PF8_110_01.jpg?sw=369&q=90
Disney's The Lion King Cap In Organic Cotton,Simba,sale-girls-hs-accessories,5.0,26.0,9.99,38.42,https://www.hannaandersson.com/dw/image/v2/BBLM_PRD/on/demandware.static/-/Sites-master-catalog/default/dwc8bdf4b4/images/main/57556/57556_PW6_60_01.jpg?sw=369&q=90
Peanuts Glow-In-The-Dark Art Tee,Great Pumpkin,boys-clothing-tops-shirts,5.0,24.0,9.99,41.62,https://www.hannaandersson.com/dw/image/v2/BBLM_PRD/on/demandware.static/-/Sites-master-catalog/default/dwdc393058/images/main/57568/57568_BX4_110_01.jpg?sw=369&q=90
Marvel Spider-Man Halloween Long John Pajamas,Spider-Man,pajamas-kids,4.5,24.0,9.99,41.62,https://www.hannaandersson.com/dw/image/v2/BBLM_PRD/on/demandware.static/-/Sites-master-catalog/default/dwfd1a32e3/images/main/62671/62671_PG5_110_01.jpg?sw=369&q=90
Slim Sweatshorts In French Terry,Trek Teal,root,Not Rated,20.0,9.99,49.95,https://www.hannaandersson.com/dw/image/v2/BBLM_PRD/on/demandware.static/-/Sites-master-catalog/default/dw906bb223/images/main/62415/62415_PW1_110_01.jpg?sw=369&q=90
Long John Pajamas In Organic Cotton,Dalmation,pajamas-kids,5.0,20.0,9.99,49.95,https://www.hannaandersson.com/dw/image/v2/BBLM_PRD/on/demandware.static/-/Sites-master-catalog/default/dw45d4a218/images/main/51573/51573_LZ2_110_01.jpg?sw=369&q=90
Baby Zip Sleeper In Organic Cotton,Bold Bloom,pajamas-baby,4.0,20.0,9.99,49.95,https://www.hannaandersson.com/dw/image/v2/BBLM_PRD/on/demandware.static/-/Sites-master-catalog/default/dwb67c0cbb/images/main/60543/60543_RW5_60_01.jpg?sw=369&q=90
Print Slim Leggings,Rainbow Daisies,girls-clothing-pants-leggings-shorts,4.5,40.0,9.79,24.48,https://www.hannaandersson.com/dw/image/v2/BBLM_PRD/on/demandware.static/-/Sites-master-catalog/default/dw83f5e942/images/main/65291/65291_TE5_110_01.jpg?sw=369&q=90
Bobble Cardigan,Petal Pink,girls-clothes-girls-sweaters-sweatshirts,5.0,38.0,9.79,25.76,https://www.hannaandersson.com/dw/image/v2/BBLM_PRD/on/demandware.static/-/Sites-master-catalog/default/dw1ef3d669/images/main/64380/64380_B42_110_01.jpg?sw=369&q=90
Peanuts Birthday Sleeper,Ecru,pajamas-baby,5.0,18.0,8.99,49.94,https://www.hannaandersson.com/dw/image/v2/BBLM_PRD/on/demandware.static/-/Sites-master-catalog/default/dwd0f9a157/images/main/62333/62333_76X_60_01.jpg?sw=369&q=90
Marvel Black Panther Halloween Long John Pajamas,Black Panther,pajamas-kids,4.5,18.0,8.99,49.94,https://www.hannaandersson.com/dw/image/v2/BBLM_PRD/on/demandware.static/-/Sites-master-catalog/default/dw442d2e66/images/main/62672/62672_PG2_110_01.jpg?sw=369&q=90
Disney Princess Tutu In Soft Tulle,Rapunzel,girls-clothes-skirts-shorts,4.5,20.0,7.99,39.95,https://www.hannaandersson.com/dw/image/v2/BBLM_PRD/on/demandware.static/-/Sites-master-catalog/default/dw0450df3c/images/main/62358/62358_GD8_110_01.jpg?sw=369&q=90
Bright Basics Tee In Organic Cotton,Navy,baby-girl-tops-shirts,5.0,20.0,7.99,39.95,https://www.hannaandersson.com/dw/image/v2/BBLM_PRD/on/demandware.static/-/Sites-master-catalog/default/dw9bb5e936/images/main/60561/60561_A91_60_01.jpg?sw=369&q=90
Disney Princess Art Tee,Ariel,girls-clothing-tops-shirts,5.0,16.0,7.99,49.94,https://www.hannaandersson.com/dw/image/v2/BBLM_PRD/on/demandware.static/-/Sites-master-catalog/default/dw1e1215f7/images/main/62351/62351_GD4_110_01.jpg?sw=369&q=90
Short John Pajamas In Organic Cotton,Fall Animals,pajamas-kids,5.0,16.0,7.99,49.94,https://www.hannaandersson.com/dw/image/v2/BBLM_PRD/on/demandware.static/-/Sites-master-catalog/default/dw40199600/images/main/64397/64397_TG1_110_01.jpg?sw=369&q=90
Baby First Socks 2-Pack,Trek Teal,baby-clothes,5.0,32.0,7.79,24.34,https://www.hannaandersson.com/dw/image/v2/BBLM_PRD/on/demandware.static/-/Sites-master-catalog/default/dwb56a8dba/images/main/57996/57996_PW1_60_01.jpg?sw=369&q=90
Double Knee Woven Pants,Expedition Green,boys-clothing-pants-shorts,4.0,32.0,7.79,24.34,https://www.hannaandersson.com/dw/image/v2/BBLM_PRD/on/demandware.static/-/Sites-master-catalog/default/dw19f7e61b/images/main/64344/64344_PJ9_110_01.jpg?sw=369&q=90
Short John Pajamas In Organic Cotton,Fall Floral,pajamas-kids,5.0,32.0,7.79,24.34,https://www.hannaandersson.com/dw/image/v2/BBLM_PRD/on/demandware.static/-/Sites-master-catalog/default/dwab1db1f2/images/main/64397/64397_TG2_110_01.jpg?sw=369&q=90
Marvel Captain America Art Tee,Captain America,boys-clothing-tops-shirts,Not Rated,30.0,7.79,25.97,https://www.hannaandersson.com/dw/image/v2/BBLM_PRD/on/demandware.static/-/Sites-master-catalog/default/dwbaacea69/images/main/62344/62344_PF8_110_01.jpg?sw=369&q=90
Disney Princess Print Leggings,Belle,girls-clothing-pants-leggings-shorts,5.0,14.0,7.0,50.0,https://www.hannaandersson.com/dw/image/v2/BBLM_PRD/on/demandware.static/-/Sites-master-catalog/default/dw60755a2d/images/main/62355/62355_GD6_110_01.jpg?sw=369&q=90
Play Tee & Pant Set,Magic Bloom,baby-girl-pants-leggings-shorts,5.0,18.0,6.99,38.83,https://www.hannaandersson.com/dw/image/v2/BBLM_PRD/on/demandware.static/-/Sites-master-catalog/default/dw6865e1d8/images/main/62574/62574_HI7_90_01.jpg?sw=369&q=90
Stretch Denim Jumper,Dark Play Denim,girls-clothing-dresses,5.0,18.0,6.99,38.83,https://www.hannaandersson.com/dw/image/v2/BBLM_PRD/on/demandware.static/-/Sites-master-catalog/default/dw7ccd12df/images/main/64307/64307_NJ1_110_01.jpg?sw=369&q=90
"One Dress, Two Dress",Positively Purple,girls-clothing-dresses,5.0,18.0,6.99,38.83,https://www.hannaandersson.com/dw/image/v2/BBLM_PRD/on/demandware.static/-/Sites-master-catalog/default/dw3d56bd59/images/main/62510/62510_ST7_110_01.jpg?sw=369&q=90
Rugged Rugby,Navy/Foggy Blue,boys-clothing-tops-shirts,4.5,18.0,6.99,38.83,https://www.hannaandersson.com/dw/image/v2/BBLM_PRD/on/demandware.static/-/Sites-master-catalog/default/dw1fe7921f/images/main/51897/51897_RJ4_110_01.jpg?sw=369&q=90
Marvel Spider-Man Sweatshirt,Spider-Man,boys-clothing-tops-shirts,5.0,18.0,6.99,38.83,https://www.hannaandersson.com/dw/image/v2/BBLM_PRD/on/demandware.static/-/Sites-master-catalog/default/dwb6634387/images/main/62340/62340_PG5_110_01.jpg?sw=369&q=90
Athletic Shorts,Navy Blue,boys-clothing-shorts,3.5,18.0,6.99,38.83,https://www.hannaandersson.com/dw/image/v2/BBLM_PRD/on/demandware.static/-/Sites-master-catalog/default/dwed8e4398/images/main/60481/60481_SR4_110_01.jpg?sw=369&q=90
Baby Snap Footed Sleeper In Organic Cotton,Speedy Squirrels,pajamas-baby,5.0,28.0,6.79,24.25,https://www.hannaandersson.com/dw/image/v2/BBLM_PRD/on/demandware.static/-/Sites-master-catalog/default/dwe2d81550/images/main/57436/57436_QG4_60_01.jpg?sw=369&q=90
"One Dress, Two Dress",Pink Peony,girls-clothing-dresses,5.0,28.0,6.79,24.25,https://www.hannaandersson.com/dw/image/v2/BBLM_PRD/on/demandware.static/-/Sites-master-catalog/default/dw76e296f5/images/main/62510/62510_E66_110_01.jpg?sw=369&q=90
Bright Basics Tee In Organic Cotton,Trek Teal,baby-girl-tops-shirts,5.0,28.0,6.79,24.25,https://www.hannaandersson.com/dw/image/v2/BBLM_PRD/on/demandware.static/-/Sites-master-catalog/default/dw2d283ac7/images/main/60561/60561_PW1_60_01.jpg?sw=369&q=90
Disney Princess Lunch Bag,Rapunzel,girls-accessories-backpacks-bags,5.0,24.0,5.79,24.12,https://www.hannaandersson.com/dw/image/v2/BBLM_PRD/on/demandware.static/-/Sites-master-catalog/default/dwb23f947b/images/main/62301/62301_GD8_OS_01.jpg?sw=369&q=90
Short Sleeve Bold Striped Henley,Navy/Baltic Blue,boys-clothing-tops-shirts,Not Rated,24.0,5.79,24.12,https://www.hannaandersson.com/dw/image/v2/BBLM_PRD/on/demandware.static/-/Sites-master-catalog/default/dw88b84154/images/main/62208/62208_QA6_110_01.jpg?sw=369&q=90
Baby Zip Sleeper In Organic Cotton,Dalmation,pajamas-baby,4.5,24.0,5.79,24.12,https://www.hannaandersson.com/dw/image/v2/BBLM_PRD/on/demandware.static/-/Sites-master-catalog/default/dwb143b00d/images/main/52171/52171_LZ2_60_01.jpg?sw=369&q=90
Star Wars™ Long John Pajamas In Organic Cotton,Stormtrooper Mummy,pajamas-kids,4.5,20.0,4.79,23.95,https://www.hannaandersson.com/dw/image/v2/BBLM_PRD/on/demandware.static/-/Sites-master-catalog/default/dw4e8393de/images/main/57571/57571_TE9_110_01.jpg?sw=369&q=90
Twirl Power Top,Navy Blue,girls-clothing-tops-shirts,4.5,20.0,4.79,23.95,https://www.hannaandersson.com/dw/image/v2/BBLM_PRD/on/demandware.static/-/Sites-master-catalog/default/dwc83d3cbf/images/main/62529/62529_SR4_110_01.jpg?sw=369&q=90
Marvel Spider-Man Glow-In-The-Dark Halloween Sueded Tee,Spider-Man,boys-clothing-tops-shirts,Not Rated,20.0,4.79,23.95,https://www.hannaandersson.com/dw/image/v2/BBLM_PRD/on/demandware.static/-/Sites-master-catalog/default/dw2d62c4fe/images/main/62673/62673_PG5_110_01.jpg?sw=369&q=90
Bright Basics Tee In Organic Cotton,Navy,baby-girl-tops-shirts,4.5,20.0,4.79,23.95,https://www.hannaandersson.com/dw/image/v2/BBLM_PRD/on/demandware.static/-/Sites-master-catalog/default/dwd2c5536a/images/main/52632/52632_A91_60_01.jpg?sw=369&q=90
Star Wars™ Glow-In-The-Dark Long John Pajamas In Organic Cotton,Chewbacca,pajamas-kids,4.5,18.0,4.79,26.61,https://www.hannaandersson.com/dw/image/v2/BBLM_PRD/on/demandware.static/-/Sites-master-catalog/default/dwd41ab871/images/main/46123/46123_JU4_110_01.jpg?sw=369&q=90
